{
  "feature_stats": {
    "mean": [
      0.32543931063998577,
      0.6089167512845634,
      0.47794944978464027,
      0.01426361683644314,
      1.0,
      1.1623333002178362,
      3.0,
      1.1623333002178362,
      0.04189743936926146,
      1.7320508075688585
    ],
    "std": [
      0.15886329934735946,
      0.17115315616499155,
      0.24572930250521585,
      0.4322680230222453,
      1e-08,
      0.5113249806498164,
      1e-08,
      0.5113249806498164,
      0.49044141793430956,
      1.0000018651746814e-08
    ]
  },
  "patch_stats": {
    "mean": 0.36042296255028383,
    "std": 0.18128799962664913
  },
  "config": {
    "patch_size": 9,
    "normalize_features": true,
    "normalize_patches": true
  }
}