{
  "total_data_points": 84,
  "parameter_sets": 4,
  "residual_statistics": {
    "mean": -0.011715381015557606,
    "std": 0.01379250386653885,
    "min": -0.09629094193009691,
    "max": -0.0008158128171307233,
    "percentiles": {
      "5%": -0.02974528243683128,
      "25%": -0.012011499785078414,
      "50%": -0.008287304837387127,
      "75%": -0.005644945726763995,
      "95%": -0.0015792790693383205
    }
  },
  "moneyness_range": {
    "min": 0.4,
    "max": 2.0
  },
  "maturity_range": {
    "min": 3.0,
    "max": 3.0
  }
}