{
  "total_data_points": 57,
  "parameter_sets": 2,
  "residual_statistics": {
    "mean": 0.9786052253729117,
    "std": 0.6749377261560708,
    "min": 0.209320213604061,
    "max": 3.205752203216006,
    "percentiles": {
      "5%": 0.2511234757014546,
      "25%": 0.5575971141079694,
      "50%": 0.768697671361479,
      "75%": 1.2274379268446038,
      "95%": 2.363500620956603
    }
  },
  "moneyness_range": {
    "min": 0.6516401140909381,
    "max": 2.0
  },
  "maturity_range": {
    "min": 1.0,
    "max": 2.0
  }
}