{
  "total_data_points": 109,
  "parameter_sets": 5,
  "residual_statistics": {
    "mean": -0.03761537363986777,
    "std": 0.2667231294047127,
    "min": -0.5711556610918709,
    "max": 0.3607038803287532,
    "percentiles": {
      "5%": -0.5318214409909894,
      "25%": -0.23852458007909677,
      "50%": 0.0031902603613200298,
      "75%": 0.17252918989389598,
      "95%": 0.3230505910221417
    }
  },
  "moneyness_range": {
    "min": 0.3,
    "max": 2.5
  },
  "maturity_range": {
    "min": 3.0,
    "max": 3.0
  }
}