{
  "mdacnn": {
    "mse": 1.0551209015829954e-05,
    "rmse": 0.0032482624519616365,
    "mae": 0.00265264930203557
  },
  "funahashi": {
    "mse": 2.9812832735842676e-07,
    "rmse": 0.0005460113170556724,
    "mae": 0.0002621389867272228
  },
  "improvement": {
    "mse_percent": -3439.14990234375,
    "rmse_percent": -494.90753173828125,
    "mae_percent": -911.9247436523438
  }
}