F0,alpha,beta,nu,rho,ALPHA_RANGE,BETA_RANGE,NU_RANGE,RHO_RANGE
1.0,0.2645785737050908,0.4039411374929922,0.25117876667508376,-0.7081518418043875,"(0.05, 0.6)","(0.3, 0.9)","(0.05, 0.9)","(-0.75, 0.75)"
1.0,0.09119941307320988,0.6249687093355255,0.8034306531691597,-0.3623566054394345,"(0.05, 0.6)","(0.3, 0.9)","(0.05, 0.9)","(-0.75, 0.75)"
1.0,0.44585243326167395,0.8963891822594394,0.6492085933774805,0.6855527884179042,"(0.05, 0.6)","(0.3, 0.9)","(0.05, 0.9)","(-0.75, 0.75)"
1.0,0.507162050448668,0.49213380140918506,0.4417211813031214,0.28682099526511085,"(0.05, 0.6)","(0.3, 0.9)","(0.05, 0.9)","(-0.75, 0.75)"
1.0,0.3505193335992545,0.6624701393154964,0.08091024442520711,-0.04009144701189249,"(0.05, 0.6)","(0.3, 0.9)","(0.05, 0.9)","(-0.75, 0.75)"
