F0,alpha,beta,nu,rho,ALPHA_RANGE,BETA_RANGE,NU_RANGE,RHO_RANGE
1.0,0.5864464342627269,0.5339073000818308,0.11629767114288612,0.10715011344145564,"(0.05, 0.6)","(0.3, 0.9)","(0.05, 0.9)","(-0.75, 0.75)"
1.0,0.15299853268302466,0.7790550473839462,0.4996855351714848,-0.4997185416457336,"(0.05, 0.6)","(0.3, 0.9)","(0.05, 0.9)","(-0.75, 0.75)"
