{
  "mdacnn": {
    "mse": 0.0005006180726923048,
    "rmse": 0.02237449586391449,
    "mae": 0.017421385273337364
  },
  "funahashi": {
    "mse": 0.0013526123948395252,
    "rmse": 0.03677788004279137,
    "mae": 0.025644997134804726
  },
  "improvement": {
    "mse_percent": 62.988800048828125,
    "rmse_percent": 39.16317367553711,
    "mae_percent": 32.06711959838867
  }
}