{
  "train_loss": [
    0.03388441349778856,
    0.02286155829472201,
    0.019767169484070368,
    0.017168830925864832,
    0.015806287729314396,
    0.015276822543569973,
    0.01319617664175374,
    0.012965665023241724,
    0.013087476454675197,
    0.01312934330531529,
    0.012288879560572761,
    0.01051910826670272,
    0.011135170981287957,
    0.009225598387420177,
    0.009306885435112886,
    0.008255551728819097,
    0.0075452635543687,
    0.007948051978434836,
    0.00697387055094753,
    0.0075446255451866555,
    0.007257849547479834,
    0.006631504539400339,
    0.005533971616200038,
    0.00660440201738051,
    0.005883512877460037,
    0.0056069146522453855,
    0.005229376514575311,
    0.005279674639127084,
    0.005243350528180599,
    0.004836598698581968,
    0.004489625236019492,
    0.004439904048506703,
    0.004401819753859724,
    0.004294607362576894,
    0.003890720616493906,
    0.0034530705466334307,
    0.0033545826255742994,
    0.003756486496755055,
    0.0032802609281082236,
    0.0033238560081060445,
    0.00360846351166921,
    0.003568347530173404,
    0.0033184685651212933,
    0.0038704771734774115,
    0.0035846786999276705,
    0.00347104351701481,
    0.003442347829363176,
    0.0033370862794773917,
    0.0030346879908548932,
    0.0037751842356686083,
    0.003701847836907421,
    0.0030275683903268407,
    0.0030927894091499703,
    0.002954757140417184,
    0.0028876884733991964,
    0.0025924470122637494,
    0.002493723521807364,
    0.002876860149470823,
    0.003056472808654819,
    0.0030516862210684587,
    0.0027865341771394015,
    0.002154192823384489,
    0.002047114696885858,
    0.0023284432997128794,
    0.002328999268689326,
    0.0024379754585347004,
    0.002443840282836131,
    0.0022624903531478983,
    0.002473760582506657,
    0.0021829168179205486,
    0.002209163173767073,
    0.0024035495479724236,
    0.002011076019012502,
    0.002279733033584697
  ],
  "val_loss": [
    0.035776709566513694,
    0.01892311764260133,
    0.013643524137636026,
    0.012812266486386458,
    0.011298954163988432,
    0.010378422513604164,
    0.009402678745488325,
    0.011026817510525385,
    0.009318114159007867,
    0.011279069036245346,
    0.00783222947269678,
    0.008340747021138668,
    0.008338346307476362,
    0.006940020869175593,
    0.007754539636274179,
    0.0066404627449810506,
    0.007172459165255229,
    0.0065857284143567086,
    0.0059246886521577835,
    0.007303799688816071,
    0.005786182793478171,
    0.00544722725947698,
    0.004562409818172455,
    0.0050599745909372966,
    0.005740207663426797,
    0.00484937459230423,
    0.005031730433305104,
    0.004787647556513548,
    0.004680270285656055,
    0.005461335529883702,
    0.0032919786870479585,
    0.0028371578579147656,
    0.003419786791006724,
    0.0031825560331344605,
    0.003907881695777177,
    0.0038854026235640047,
    0.004473645233859618,
    0.003945199257383744,
    0.0031587374148269493,
    0.0036142141185700892,
    0.0030794560040036836,
    0.004260094941904147,
    0.0028761746703336636,
    0.003154278335471948,
    0.003482785044858853,
    0.004818569421768188,
    0.0032394744735211134,
    0.0033635425257186095,
    0.003192868499706189,
    0.003071343507617712,
    0.00361328670134147,
    0.002307351424048344,
    0.002205177719394366,
    0.001673632205153505,
    0.002582584007953604,
    0.0017933424251774946,
    0.0022055579846103988,
    0.0028613442679246265,
    0.0037273322480420273,
    0.0035598515657087166,
    0.0020171591949959596,
    0.002085806593919794,
    0.0021261820817987122,
    0.0025753562618047,
    0.002227075338984529,
    0.0022952285408973693,
    0.0018727065778026979,
    0.0019314756679038208,
    0.0022380574171741805,
    0.0018424822979917128,
    0.001922333724796772,
    0.0017119693880279859,
    0.002407100868100921,
    0.001959197847172618
  ],
  "epoch_times": [
    0.4929945468902588,
    0.42795801162719727,
    0.3872389793395996,
    0.42986631393432617,
    0.4002690315246582,
    0.4556548595428467,
    0.45625901222229004,
    0.4123857021331787,
    0.39116334915161133,
    0.39358997344970703,
    0.4411509037017822,
    0.5323982238769531,
    0.5070569515228271,
    0.475602388381958,
    0.48453187942504883,
    0.5216805934906006,
    0.49774837493896484,
    0.44104480743408203,
    0.4809291362762451,
    0.4168975353240967,
    0.4143714904785156,
    0.4969301223754883,
    0.4146850109100342,
    0.5466957092285156,
    0.4721250534057617,
    0.42493486404418945,
    0.4941577911376953,
    0.5131590366363525,
    0.5043880939483643,
    0.5760979652404785,
    0.5040159225463867,
    0.5056138038635254,
    0.3851799964904785,
    0.39818668365478516,
    0.40934276580810547,
    0.4289975166320801,
    0.5070202350616455,
    0.47789597511291504,
    0.4839339256286621,
    0.4929039478302002,
    0.5956957340240479,
    0.5326664447784424,
    0.4530036449432373,
    0.49703383445739746,
    0.5406675338745117,
    0.49095988273620605,
    0.4955322742462158,
    0.4664938449859619,
    0.4181089401245117,
    0.5078043937683105,
    0.48566222190856934,
    0.5398261547088623,
    0.515397310256958,
    0.44710493087768555,
    0.5236260890960693,
    0.4731729030609131,
    0.4418666362762451,
    0.49811768531799316,
    0.45970678329467773,
    0.5131402015686035,
    0.5800230503082275,
    0.5192811489105225,
    0.5096166133880615,
    0.45115208625793457,
    0.4013528823852539,
    0.4235239028930664,
    0.37336277961730957,
    0.45916247367858887,
    0.4504392147064209,
    0.4445223808288574,
    0.4689934253692627,
    0.4708702564239502,
    0.4761819839477539,
    0.5485312938690186
  ]
}