{
  "mdacnn": {
    "mse": 3.3926969535968965e-06,
    "rmse": 0.0018419275293126702,
    "mae": 0.0014818875351920724
  },
  "funahashi": {
    "mse": 1.6683247849869076e-06,
    "rmse": 0.0012916364939883351,
    "mae": 0.0005125918542034924
  },
  "improvement": {
    "mse_percent": -103.3594970703125,
    "rmse_percent": -42.60417175292969,
    "mae_percent": -189.0969696044922
  }
}