{
  "feature_stats": {
    "mean": [
      0.5,
      0.6000000000000002,
      0.30000000000000043,
      -0.27499999999999974,
      1.0,
      1.2000000000000002,
      3.0,
      1.2000000000000002,
      0.08501189819805767,
      1.7320508075688776
    ],
    "std": [
      1e-08,
      0.21213204435596428,
      1.000000044408921e-08,
      0.12990382056766583,
      1e-08,
      0.48442406665559873,
      1e-08,
      0.48442406665559873,
      0.46477989807026654,
      1.000000044408921e-08
    ]
  },
  "patch_stats": {
    "mean": 0.4977777897969233,
    "std": 0.0729039674430616
  },
  "config": {
    "patch_size": 9,
    "normalize_features": true,
    "normalize_patches": true
  }
}