{
  "total_data_points": 2261,
  "parameter_sets": 100,
  "residual_statistics": {
    "mean": -0.019818922120263954,
    "std": 0.2494891171917662,
    "min": -0.7750864009327028,
    "max": 0.7859141294446919,
    "percentiles": {
      "5%": -0.46503249847463834,
      "25%": -0.18739062122158823,
      "50%": -0.005815318949056569,
      "75%": 0.1509770804251303,
      "95%": 0.3917870991588299
    }
  },
  "moneyness_range": {
    "min": 0.3,
    "max": 2.5
  },
  "maturity_range": {
    "min": 3.0,
    "max": 3.0
  }
}